,name,ingredient,abv,volume,description,imageURL
1,1000억 유산균 막걸리,"국내산쌀, 누룩",5%,750ml,"1000억 유산균 막걸리는 국순당이 최초로 선보인 유산균 강화 막걸리다. 식물성 유산균이 막걸리 한 병(750mL)에 1000억 마리 이상이 들어 있다. 시중에 판매되는 일반 생막걸리 한 병(자사 생막걸리 750mL 기준)당 1억 마리 가량의 유산균이 들어 있는 것과 비교하면 약 1000배 많이 들어있고, 일반 유산균음료 보다 약 100배 많이 들어 있다.",https://thesool.com/common/imageView.do?targetId=PR00000170&targetNm=PRODUCT
2,1932 새싹땅콩+햅쌀/흑미,"국내산쌀, 누룩",6%,"500ml,900ml","당해연도 고시히카리쌀과 진도산 흑미를 주 원료로 사용하였다. 새싹땅콩의 항산화 물질인 ‘레즈베라트롤’이다량 함유 되었있고, 전통누룩에서 뽑아낸 우수한 균주를 사용하였다. 합성감미료는 사용하지 않았으며, 미생물 발효 조절방식으로 냉장보관 시 신선한 맛과 주질을 유지할 수 있다. 고급한정식당, 호텔, 백화점 위주로 납품되어지고 있다.",https://thesool.com/common/imageView.do?targetId=PR00000210&targetNm=PRODUCT
3,2017년 햅쌀로 빚은 첫술,"국내산쌀, 누룩",7%,750ml,"2017년 햅쌀로 빚은 첫술은 매년 가을철, 그 해 수확한 햅쌀로 빚은 프리미엄 생 막걸리로 계절 한정 상품으로 선보인다. 올해 수확한 경북 안동 햅쌀을 원료로 빚어, 생 막걸리 특유의 탄산감이 살아있으면서도 부드럽고 신선한 쌀의 향과 맛을 느낄 수 있다.,",https://thesool.com/common/imageView.do?targetId=PR00000211&targetNm=PRODUCT
4,52C,"국내산쌀, 누룩",17.5%,500ml,"오이처럼 cool 하게 즐기는 싱싱한 오이 증류주. 예전에 유행했던 소주에 오이를 넣어 마시는 오이소주를 떠올리며 만든 술이다. 오이를 소주에 담그면 오이의 색과 향이 소주의 알코올 성분에 침출되어 소주 특유의 쓴 맛과 아로올 취를 부드럽게 하여 술 맛을 순하게 하고 이뇨작용을 활발하게 해주어 체내의 노폐물 배설을 도와주기도 한다고 한다. 오이는 차가운 성질이라 여름에 술 마실 때 나타나는 체온 상승을 어느 정도 억제해주고, 오이의 다양한 비타민은 숙취 해소에 효과가 있다고 한다. 이런 오이의 장점을 침출해 만든 세계 최초의 증류주가 52C이다. 52C를 마시면 입안 가득 오이와 멜론 향이 퍼진다.",https://thesool.com/common/imageView.do?targetId=PR00000737&targetNm=PRODUCT
5,DOK막걸리,"국내산쌀, 누룩",6%,"1,000ml",DOK막걸리는 우리 누룩 특유의 발효 특성을 연구하여 출시한 막걸리로 막걸리 본연의 맛을 낼 수 있도록 노력한 결과입니다. 잘 익은 참외와 멜론의 달콤하고 상큼한 과육향을 싱그럽고 경쾌하게 즐길 수 있는 프리미엄 막걸리입니다.,https://thesool.com/common/imageView.do?targetId=PR00000669&targetNm=PRODUCT
6,G12 골디락스,"국내산쌀, 누룩",12%,500ml,"싱그러운 과일향과 부드러운 목 넘김으로 마시기 딱 좋은 막걸리. Ice 공법으로 차갑게 발효하고 더 차갑게 숙성했다. 담백한 맛의 멥쌀과 감칠맛 나는 찹쌀을 오랜 연구개발 끝에 최적의 비율로 사용하여 소박한 단맛을 구현하였고, 여기에 12℃ 저온에서 30일간의 발효와 12℃에서 30일간의 숙성 과정을 거친 깔끔한 막걸리이다. 제품명 G12에서 12는 알코올 도수 12도를 의미하고, G는 마시기 딱 좋은 조화로운 맛의 균형이라는 제품 특성을 담을 수 있도록 Goldilocks의 첫 글자를 따서 이름을 지었다. Goldilocks는 영국의 전래동화 &amp;#039;골디락스와 세 마리 곰&amp;#039; 주인공 소녀의 이름에서 유래한 용어로 뜨겁지도 차갑지도 않은 적당한 상태를 의미한다.",https://thesool.com/common/imageView.do?targetId=PR00000707&targetNm=PRODUCT
7,SSOA-포도,"국내산쌀, 누룩",5%,355ml,포도주를 이용한 특유한 스파클링와인으로서 우수한 포천포도를 와인으로 제조하여 뛰어난 맛과 향을 느낄 수 있으며 탄산의 시원함을 동시에 느낄 수 있고 목넘김이 아주 좋은 것이 특징이다.,https://thesool.com/common/imageView.do?targetId=PR00000644&targetNm=PRODUCT
8,The 찾을수록,"국내산쌀, 누룩",14~16%,360ml,"더찾을수록 시리즈는 한국애플리즈는 7년의 부단한 연구개발 끝에 2013년 사과와인을 베이스로한 사과소주 6종을 출시하였다. 복숭아, 청포도, 사과, 감귤, 생강, 아메리카노를 가미하여 탄생한 6종의 사과소주다. 패키지 디자인은 녹색 희석식 소주와 흡사하지만 제품은 증류주가 아닌 과실주로 분류된다. 미국 마켓의 경우 맥주와 와인 판매허가만 있는 경우 소주를 판매할 수 없는 점에 착안하여 디자인은 소주이나 제품은 사과와인으로 미국 내 많은 마켓에 입점하기 위한 전략에서 디자인된 제품이다.",https://thesool.com/common/imageView.do?targetId=PR00000554&targetNm=PRODUCT
9,가야 프리미엄 막걸리,"국내산쌀, 누룩",6%,750ml,풍부한 일조량은 받고 자란 김해 쌀로 만든 가야는 감미료를 전혀 넣지 않았음에도 꽃 향기 등이 나고 새콤달콤한 맛을 느낄 수 있습니다.,https://thesool.com/common/imageView.do?targetId=PR00000056&targetNm=PRODUCT
10,가야곡왕주,"국내산쌀, 누룩",13%,750ml,"조선의 마지막국모 명성황후 민씨의 친정에서 빚던 가양주로 종묘대제의 제주(祭酒)로 사용되고 있다. 제철에 채취한 초, 근, 목, 피를 이용해야 약재의 효능을 최고로 끌어올릴 수 있는데, 가야곡왕주는 가야곡의 맑은 물과 제철솔잎, 구절초, 홍삼, 매실 등을 이용해 술에 다양한 맛과 향을 불어 넣은 좋은 약주라 할 수 있다.",https://thesool.com/common/imageView.do?targetId=PR00000350&targetNm=PRODUCT
11,가평 잣 생막걸리,"쌀, 정제수, 쌀입국, 잣, 효모, 정제효소 등",6%,750ml,"가평의 잣을 막걸리에 그대로 담아 특유의 고소한 맛으로 목 넘김이 부드럽고, 은은한 향까지 느낄 수 있어 누구나 부담 없이 마시고 느낄 수 있는 막걸리다. 일반 막걸리는 완전 발효가 되지 않는 미숙주가 많아 상품 상태에서도 발효가 활발하기 때문에 병을 흔들면 가스로 병이 터지거나, 넘치는 현상이 일어난다. 하지만 가평 생 막걸리는 저온 장기숙성방식으로 완전 발효를 실현하여 완숙주로 출시되어 흔들어도 터지거나 넘치지 않는다. 단맛, 신맛, 바디감, 목넘김 등 맛이 튀지 않고 적당하다. 쌀 막걸리의 가벼운 바디감과 부드러운 목넘김이 좋은 막걸리다.",https://thesool.com/common/imageView.do?targetId=PR00000158&targetNm=PRODUCT
12,각시탈,"쌀, 정제수, 쌀입국, 잣, 효모, 정제효소 등",45%,200ml,국내산 쌀 100%로 만든 700년 전통의 증류식 안동소주로 부드럽고 깔끔하여 숙취가 적다. 화학첨가물이 전혀 들어가지 않아 안심하고 먹을 수 있으며 증류식 소주로 은은한 향과 감칠맛이 개운하며 목넘김이 순하고 담백하다. 국내 유일하게 3회 여과한 증류원액을 사용하여 화근 냄새를 줄였으며 전통의 맛과 향을 개선하여 누구나 즐길 수 있게 대중화했다. 마신 후 입안 가득 향이 퍼지며 뒤끝이 깨끗하여 다음날 숙취가 적은 전통주이다. 각시탈 모양으로 선물하기 좋다.,https://thesool.com/common/imageView.do?targetId=PR00000738&targetNm=PRODUCT
13,감그린 레귤러,"쌀, 정제수, 쌀입국, 잣, 효모, 정제효소 등",12%,750ml,"""감그린 레귤러""는 경북 청도의 특산물인 씨 없는 감으로 만든 한국와인이다. 감 특유의 떫은 맛, 달콤한 맛, 신맛이 조화를 이루어 포도와인과는 다른 색다른 향과 풍미를 자아낸다. 감이 발효되었을 때 생기는 아로마향과 부케향이 특징이며 식전주로도 손색이 없어 동서양의 요리와도 잘 어울리는 감와인이다. 청도감와인은 2005년 부산APEC정상회의 만찬주, 특히 제17~18대 대통령 취임 건배주로 선정 되는 등 수 차례 정부 공식 행사주로 선정되었다.",https://thesool.com/common/imageView.do?targetId=PR00000426&targetNm=PRODUCT
14,감그린 스페셜,"쌀, 정제수, 쌀입국, 잣, 효모, 정제효소 등",12%,750ml,"""감그린 스페셜""은 경북 청도의 특산물인 씨 없는 감으로 만든 한국와인이다. 감 특유의 떫은 맛, 달콤한 맛, 신맛이 조화를 이루어 포도와인과는 다른 색다른 향과 풍미를 자아낸다. 감이 발효되었을 때 생기는 아로마향과 부케향이 특징이며 식전주로도 손색이 없어 동서양의 요리와도 잘 어울리는 감와인이다. 청도감와인은 2005년 부산APEC정상회의 만찬주, 특히 제17~18대 대통령 취임 건배주로 선정 되는 등 수 차례 정부 공식 행사주로 선정되었다.",https://thesool.com/common/imageView.do?targetId=PR00000425&targetNm=PRODUCT
15,감그린 아이스와인,"쌀, 정제수, 쌀입국, 잣, 효모, 정제효소 등",10%,375ml,"""감그린 아이스와인""는 경북 청도의 특산물인 씨 없는 감으로 만든 한국와인이다. 감 특유의 떫은 맛, 달콤한 맛, 신맛이 조화를 이루어 포도와인과는 다른 색다른 향과 풍미를 자아낸다. 감이 발효되었을 때 생기는 아로마향과 부케향이 특징이며 식전주로도 손색이 없어 동서양의 요리와도 잘 어울리는 감와인이다. 청도감와인은 2005년 부산APEC정상회의 만찬주, 특히 제17~18대 대통령 취임 건배주로 선정 되는 등 수 차례 정부 공식 행사주로 선정되었다.",https://thesool.com/common/imageView.do?targetId=PR00000424&targetNm=PRODUCT
16,감사,"쌀, 정제수, 쌀입국, 잣, 효모, 정제효소 등",14%,375ml,값진 인연에 감사와 사랑을 전한다는 뜻을 담아 만든 전통 청주입니다. 주정과 조미료를 쓰지 않고 오로지 멥쌀로만 빚어 깔끔하고 드라이합니다. 부드러운 단맛과 은은한 과실향의 산미가 여운을 남깁니다. 한결 더 정돈된 맛의 살균약주 ‘감사 블루’도 인기입니다.,https://thesool.com/common/imageView.do?targetId=PR00000330&targetNm=PRODUCT
17,감사블루,"쌀, 정제수, 쌀입국, 잣, 효모, 정제효소 등",14%,375ml,"감사블루는 값진 인연에 감사와 사랑을 전한다는 뜻을 담아 만든 술샘의 &quot;감사&quot;를 살균한 약주입니다. 주정과 조미료를 쓰지 않고 오로지 멥쌀로만 빚어 깔끔하고 드라이합니다. 은은하게 올라오는 과실향과 익은 곡물 맛이 특징이며, 전체적으로 단맛과 신맛 등 오미의 균형이 잘 갖춰져 있고, 부드러운 목넘김을 가지고 있습니다.",https://thesool.com/common/imageView.do?targetId=PR00000326&targetNm=PRODUCT
18,감아락 25,"쌀, 정제수, 쌀입국, 잣, 효모, 정제효소 등",25%,500ml,"대봉감 천연의 달콤함을 최대한 끌어올려 색다른 맛의 감동을 선사하고 있는 배상면주가의 제품이다. 2015년 대한민국 우리술품평회 일반증류주 부문 우수상을 수상하며 맛과 품질을 인정 받았다. 아락은 아랍의 ‘아라그’, 몽골의 ‘아라케’, 만주의 ‘알키’와 같이 증류주를 부르는 세계의 공통어라고 할 수 있다. 우리나라 고려시대 평양, 안동, 제주도에서 ‘아락’이라 불려진 것이 시초이다. 느린마을 감아락 25도는 리페놀이 풍부한 대봉감을 증류해 감 특유의 향긋한 향과 달콤한 첫 맛이 특징이며, 쌀 베이스에 대봉감 천연의 달콤함을 최대한 끌어올려 색다른 맛을 자랑한다. 감의 풍부한 탄닌감을 입안 한 가득 느낄 수 있다.",https://thesool.com/common/imageView.do?targetId=PR00000507&targetNm=PRODUCT
19,감악산 산머루주,"쌀, 정제수, 쌀입국, 잣, 효모, 정제효소 등",12%,360ml,"머루는 쌍떡잎식물 갈매나무목 포도과에 속하는 덩굴식물로 우리나라, 일본, 중국 등지에 분포합니다. 감악산 산머루주는 감악산 주변 농가에서 무공해로 재배한 친환경 머루만을 사용하는 과실주입니다. 9월 경 잘 익은 머루를 수확해 줄기와 병든 머루 등 불순물을 제거한 뒤 착즙기를 이용해 제조합니다. 감악산 머루주는 친환경 재배 기술을 사용하는 데다 전통비법으로 만든 질그릇 항아리에 100% 머루만으로 술을 빚습니다. 단맛은 거의 없고 시큼하면서도 머루의 무거운 향이 입안에 오래 남습니다.",https://thesool.com/common/imageView.do?targetId=PR00000443&targetNm=PRODUCT
20,감이슬,"쌀, 정제수, 쌀입국, 잣, 효모, 정제효소 등",23%,375ml,"감이슬""은 충청남도 논산에서 재배한 감을 활용해 만든 증류주이다. 늦가을 수확한 홍시를 와인으로 개발하기 위해 홍국균을 이용한 전문적인 발효 기술을 개발하고 고유의 풍미를 내기 위해 10여년을 연구하여 만들어낸 제품이다. 떫은 감을 홍국 균주로 당화 시켜 효모발효를 통해 얻어진 추시와인(감와인)을 1년간 저장고에서 숙성시켜 동증류기로 수차례 증류하고 자작나무숯 여과를 거쳐 얻어진 증류주이다.",https://thesool.com/common/imageView.do?targetId=PR00000506&targetNm=PRODUCT
21,감자술 13%,"국내산 백미, 국내산 감자, 누룩, 효모, 정제수",13%,700ml,"""감자술""은 국내 유일의 감자를 주원료로 만든 약주이다. 강원도의 특산품 감자를 발효시켜 빚은 술로 감자와 곡물이 어우러져 은은한 향이 풍미를 더해 준다. 2018년에는 평창동계올림픽성공을 기념하기 위해 청와대 명절선물로 선정되기도 했다. 강원도 오대산에서 흘러내린 맑은 물 오대천과 고랭지에서 재배한 최상급 감자가 만나 강원도를 대표하는 ""감자술""이 빚어졌다.",https://thesool.com/common/imageView.do?targetId=PR00000281&targetNm=PRODUCT
22,강소주,"국내산 백미, 국내산 감자, 누룩, 효모, 정제수",50%,"200ml,1800ml","강소주는 알코올 도수 50%의 고도주로 스트레이트로 직접 마시기 보다는 칵테일과 담금용 전용술로 제조한 술이다. 강소주로 담근술은 알코올 살균, 방부작용으로 보존성이 높고 재료의 고유 성분을 잘 추출해주어 맛과 향이 잘 우러나게 한다. 혼탁함과 침전물이 적어 고급 담금술을 만들 때 좋다. 또한 강소주를 베이스로 한 다양한 부재료를 활용하여 칵테일로 제조하여 마시면 색다른 맛을 즐길 수 있다.",https://thesool.com/common/imageView.do?targetId=PR00000544&targetNm=PRODUCT
23,걍즐겨,"국내산 백미, 국내산 감자, 누룩, 효모, 정제수",8%,600ml,"발효시 석류즙과 히비스커스를 더해 술에 부족한 산미, 과실향을 보충했으며 베리향이 강조된 탁주이다.",https://thesool.com/common/imageView.do?targetId=PR00000147&targetNm=PRODUCT
24,겨울소주 25,"국내산 백미, 국내산 감자, 누룩, 효모, 정제수",25%,360ml,겨울소주 25는 곡물 본연의 맛을 살리기 위해 인공첨가물 없이 빚어 인위적인 맛을 더하지 않은 자연주의 증류식소주이다. 알코올도수 25도의 비교적 가볍게 마실 수 있는 증류식소주로 곡물 향이 강하고 입안에서는 부드럽다. 100일을 숙성한 발효원주의 깊은 향을 간직하고 있는 쌀소주이다.,https://thesool.com/common/imageView.do?targetId=PR00000505&targetNm=PRODUCT
25,경기전,"국내산 백미, 국내산 감자, 누룩, 효모, 정제수",5%,1000ml,"""경기전""은 수줍은 붉은 빛이 매력적인 술로 국내산 보리 특유의 맛과 향이 그대로 배어 있다. 혀에 닿는 순간 고소한 비스킷의 맛, 그리고 입안에 감기는 허브의 쓴맛과 소나무에서 느껴지는 흙 내음이 조화를 이루고 있다. 제조사 전주술로시티는 3013년 설립 때부터 국산보리를 원료로 사용하여 제품을 생산하였으며 2018년부터는 전북의 무농약 보리를 사용하여 보다 자연친화적이고 맛 있는 술을 생산하고 있다.",https://thesool.com/common/imageView.do?targetId=PR00000613&targetNm=PRODUCT
26,경산대추약주 추,"국내산 백미, 국내산 감자, 누룩, 효모, 정제수",16%,375ml,"경산의 특산품인 대추의 효능을 살려 정성껏 빚어낸 경산의 대표 전통주입니다. 청아하고 은은한 색과 은은한 질감, 감미로운 맛, 그윽한 향과 함께 느껴지는 청량감이 특징인 명주로써 웰컴주, 만찬주로 추천하고 있습니다. 국내산 100%로 빚어진 경산대추약주 추는 우리술품질 나형을 인증받고, 국제식음료품평회에서 국제우수미각상을 수상한 우리 술 입니다.",https://thesool.com/common/imageView.do?targetId=PR00000703&targetNm=PRODUCT
27,경성과하주,"국내산 백미, 국내산 감자, 누룩, 효모, 정제수",20%,375ml,"‘경성과하주’는 우리술을 복원, 연구·제조해온 술아원에서 기존 과하주 3종에 이어 새롭게 출시한 제품으로 고문헌에 입각해 가장 충실하게 복원한 제품이다. 찹쌀의 진한 단맛, 상큼한 과실향이 매력적이며 20도라는 비교적 높은 알코올 도수가 튀지 않을 정도로 부드러운 목 넘김과 단맛과 산도의 균형감이 좋다.",https://thesool.com/common/imageView.do?targetId=PR00000302&targetNm=PRODUCT
28,경주교동법주,"국내산 백미, 국내산 감자, 누룩, 효모, 정제수",16%,900ml,"350년 이상의 전통을 가진 찹쌀로 빚은 약조로 기능보유자가 직접 손수 빚는 중요무형문화재 술 이다. 모두 수작업으로 이루어지므로 생산되는 양이 적다. 경주교동법주는 찹쌀로 빚은 청주라 부르기도 하는데 청주는 예로부터 겨울 술이라 하여 교동법주 역시 여름에는 술을 빚지 않는다. 찹쌀 특유의 쌉싸름한 맛과 단맛, 신맛을 느낄 수 있으며 누룩 향과 본연의 독특한 향이 잘 어우러져 있다. 술에 어떠한 처리도 하지 않기 때문에 살아있는 술로 반드시 냉장보관 해야 하며 차게 해서 먹는 것이 훨씬 좋다.",https://thesool.com/common/imageView.do?targetId=PR00000333&targetNm=PRODUCT
29,계룡백일주 40%,"국내산 백미, 국내산 감자, 누룩, 효모, 정제수",40%,600ml,16도의 백일주를 증류시켜 만든 계룡백일주 40도는 목젖이 칼칼한 맛과 진한 감칠맛이 뛰어나 더욱 깊은 맛을 즐길수 있습니다 그 맛에 취해 자꾸 마시다 보면 신선이 되다 하여 “신선주”라고도 불리웁니다.,https://thesool.com/common/imageView.do?targetId=PR00000569&targetNm=PRODUCT
30,계룡산 산삼주 금수강산 21%,"국내산 백미, 국내산 감자, 누룩, 효모, 정제수",21%,740ml,"계룡산 산삼주는 해발 400m 이상의 계룡산 줄기 무공해 청정지역에서 자란 10년 전후의 산양삼을 사용하여 한 해 5천병만 한정 생산하는 제품이다. 산양삼의 그윽한 향과 모방할 수 없는 독특한 맛이 어우러진 고급 산삼주이다. 2005년 국내 최초로 산삼주를 제조하기 시작하여 현재 미국, 유럽, 동남아 지역 등에 수출되고 있다. 배양근이나 농축액 제품과는 달리 산양삼 원액을 사용하고 산양삼 1뿌리가 통째로 들어가 있다.",https://thesool.com/common/imageView.do?targetId=PR00000546&targetNm=PRODUCT
31,계룡산 산삼주 금수강산 40%,"산양산삼, 정제수, 주정",40%,740ml,"계룡산 산삼주&quot;는 해발 400m 이상의 계룡산 줄기 무공해 청정지역에서 자란 10년 전후의 산양삼을 사용하여 한 해 5천병만 한정 생산하는 제품이다. 산양삼의 그윽한 향과 모방할 수 없는 독특한 맛이 어우러진 고급 산삼주이다. 2005년 국내 최초로 산삼주를 제조하기 시작하여 현재 미국, 유럽, 동남아 지역 등에 수출되고 있다. 배양근이나 농축액 제품과는 달리 산양삼 원액을 사용하고 산양삼 1뿌리가 통째로 들어가 있다.",https://thesool.com/common/imageView.do?targetId=PR00000547&targetNm=PRODUCT
32,고도리 레드와인 스위트,"산양산삼, 정제수, 주정",12%,750ml,고도리 레드와인 스위트는 농산물우수관리(GAP)인증 100% 친환경 MBA 머루포도로 만들어집니다. 포도의 당도가 가장 높은 11월 초 서리가 내리기 시작하면 수확하여 별도의 당을 첨가하지 않고 순수 발효한 와인입니다. 영천에서 자란 MBA 머루포도를 25도의 고온에서 발효시켜 2차로 젖산 발효과정을 거칩니다. 풍부한 아로마틱 향이 풍부하고 1년의 오크통 숙성으로 깊은 오크향과 과실향이 어우러진 와인입니다.,https://thesool.com/common/imageView.do?targetId=PR00000445&targetNm=PRODUCT
33,고소리술,"백미, 차조, 입국, 누룩, 효모(팽창제), 정제효소, 스테비올배당체(감미료), 정제수",29%40%,"29,40-375ml,40-500ml",,https://thesool.com/common/imageView.do?targetId=PR00000573&targetNm=PRODUCT
34,고운달 백자,"백미, 차조, 입국, 누룩, 효모(팽창제), 정제효소, 스테비올배당체(감미료), 정제수",52%,500ml,"""고운달 백자""는 한국 최초의 위스키 마스터블랜더 이종기 명인의 36년간 쌓아온 양조 기술을 집약한 최고급 증류주이다. 한국 전통 문경도자기에서 숙성하여 오미자 본연의 맛과 향이 그대로 살아 있는 맑고 투명한 제품이다.",https://thesool.com/common/imageView.do?targetId=PR00000551&targetNm=PRODUCT
35,고운달 오크,"백미, 차조, 입국, 누룩, 효모(팽창제), 정제효소, 스테비올배당체(감미료), 정제수",52%,"200ml,500ml","고운달은 오미자를 원료로 한국와인의 새로운 지평을 연 위스키 마스터 블랜더 이종기 장인에 의해 탄생한 프리미엄 증류주이다. 오미자 브랜디 고운달은 친환경 오미자로 3년을 발효 숙성한 오미자와인을 증류한 이후, 추가로 3년을 숙성한 제품이다.",https://thesool.com/common/imageView.do?targetId=PR00000552&targetNm=PRODUCT
36,고창선운산 땡큐복분자주,"백미, 차조, 입국, 누룩, 효모(팽창제), 정제효소, 스테비올배당체(감미료), 정제수",13%,300ml,고창선운산에서 생산하는 &quot;고창선운산 땡큐복분자주&quot;는 고창군 심원면 황토 지역에서 서해안 해풍(海風)을 맞고 자란 복분자 중 당도와 과육이 뛰어난 1등급 수확 분으로 빚어 단맛과 신맛이 조화를 이루어 복분자 고유의 맛과 향이 뛰어나다. 다른 복분자주에 비해 특유의 달콤함을 가지고 있어 가볍게 머시기에 좋다.,https://thesool.com/common/imageView.do?targetId=PR00000430&targetNm=PRODUCT
37,고창선운산 땡큐블루베리주,"백미, 차조, 입국, 누룩, 효모(팽창제), 정제효소, 스테비올배당체(감미료), 정제수",13%,300ml,블루베리주는 고창군 심원면 황토 지역에서 서해안 해풍(海風)을 맞고 자란 블루베리 중 당도와 과육이 뛰어난 1등급 수확 분으로 빚어 단맛과 신맛이 조화를 이루어 블루베리 고유의 맛과 향이 뛰어나다. 비교적 낮은 알코올도수 13%로 와인처럼 가볍게 즐길 수 있는 제품이다.,https://thesool.com/common/imageView.do?targetId=PR00000427&targetNm=PRODUCT
38,고창선운산 복분자주 특1호,"백미, 차조, 입국, 누룩, 효모(팽창제), 정제효소, 스테비올배당체(감미료), 정제수",15%,1800ml,고창선운산에서 생산하는 &quot;고창선운산 복분자주&quot;는 고창군 심원면 황토 지역에서 서해안 해풍(海風)을 맞고 자란 복분자 중 당도와 과육이 뛰어난 1등급 수확 분으로 빚어 단맛과 신맛이 조화를 이루어 복분자 고유의 맛과 향이 뛰어나다. 다른 복분자주에 비해 특유의 달콤함을 가지고 있어 가볍게 머시기에 좋다.,https://thesool.com/common/imageView.do?targetId=PR00000429&targetNm=PRODUCT
39,고향생막걸리,"백미, 차조, 입국, 누룩, 효모(팽창제), 정제효소, 스테비올배당체(감미료), 정제수",6%,750ml,100% 국내산 쌀과 303m 천연지하암반수를 사용하여 자연발효 후 온도와 습도가 일정한 지하저온저장고에서 장기저온숙성시켜 맛이 부드럽고 숙취가 없으며 각종 영양분과 효모가 살아있는 막걸리이다.,https://thesool.com/common/imageView.do?targetId=PR00000241&targetNm=PRODUCT
40,고향인삼막걸리,"백미, 차조, 입국, 누룩, 효모(팽창제), 정제효소, 스테비올배당체(감미료), 정제수",6%,750ml,국내산 쌀과 303m 천연지하암반수를 사용하여 자연발효 후 온도와 습도가 일정한 지하저온저장고에서 장기 저온 숙성시켜 맛이 부드럽고 숙취가 없으며 인천강화의 고려인삼농축액을 첨가해 발효시켜 인삼특유의 맛과 향이 적당히 녹아있다.,https://thesool.com/common/imageView.do?targetId=PR00000248&targetNm=PRODUCT
41,고흥유자주 봄에디션,"백미, 차조, 입국, 누룩, 효모(팽창제), 정제효소, 스테비올배당체(감미료), 정제수",8%,500ml,"시트러스 감성 전통주 고흥유자주. 고흥유자주는 100% 고흥유자, 고흥쌀로 빚은 살균 약주로 고흥 지역 특산주이다. 유자 특유의 상큼함과 적당한 달콤함이 느껴지는 &#039;고유&#039;는 과거의 우리술과 현재의 우리 취향이 만나는 경험을 가져다 준다. 입안 전체에 퍼지는 유자향부터 목넘김 후 느낄 수 있는 곡물의 고소함까지 다양한 매력이 느껴지는 전통주이다. 고유는 전통 &#039;곡주&#039;로 유자소주, 과실주, 담금주와 다르다.",https://thesool.com/common/imageView.do?targetId=PR00000727&targetNm=PRODUCT
42,곤드레생막걸리,"백미, 차조, 입국, 누룩, 효모(팽창제), 정제효소, 스테비올배당체(감미료), 정제수",6%,750ml,국내산 쌀과 메밀로 빚은 생막걸리로 메밀쌀로 빚어 메밀향이 그대로 살아있다.,https://thesool.com/common/imageView.do?targetId=PR00000762&targetNm=PRODUCT
43,공주알밤 왕밤주,"공주밤(국내산), 백미(국내산), 아스파탐",6%,750ml,공주알밤 왕밤주는 공주 알밤을 볶아서 빚은 후 저온에서 발효했다. 순하고 부드러운 맛이 일품이며 구수한 알밤맛과 부드러운 목 넘김이 특징이다. 곡물의 달달함과 고소함이 잘 어우러지며 고소한 군밤향이 오래 남는다.,https://thesool.com/common/imageView.do?targetId=PR00000626&targetNm=PRODUCT
44,공주애 오디와인,"공주밤(국내산), 백미(국내산), 아스파탐",15%,375ml,"&quot;공주애 오디와인&quot;은 공주에서 재배한 오디를 원료로 저온발효, 저온숙성을 통해 빚은 오디가 듬뿍 담긴 과실주이다. 아름다운 빛깔과 깊은 풍미로 눈과 입이 즐거워지는 술로 오디의 달콤함과 부드러운 맛이 일품이다. 6월 중순 흑자색으로 익은 오디는 과실에 함유되어 있는 다양한 영양성분으로 기능성식품의 재료로서 각광 받아 왔다. 양지바른 산기슭에서 농부의 땀과 정성으로 자란 청정 오디를 전통기법으로 발효. 숙성시킨 제품이다.",https://thesool.com/common/imageView.do?targetId=PR00000423&targetNm=PRODUCT
45,과천미주,"공주밤(국내산), 백미(국내산), 아스파탐",9%,500ml,"생쌀발효 맑은 탁주로 우리 쌀 막걸리의 풍부한 맛을 균형있게 느낄 수 있다. 친한 벗과의 정겨운 식탁, 하루를 마치는 휴식의 집술을 지향한다.",https://thesool.com/common/imageView.do?targetId=PR00000708&targetNm=PRODUCT
46,과하주23,"공주밤(국내산), 백미(국내산), 아스파탐",23%,"400ml,700ml,1000ml","400여 년 전 임진왜란(1592년)때 명나라의 원병장 이여송이 김천을 지날 때 그 샘물 맛을 보고 중국 금릉의 과하천의 물맛과 같다고 칭송하여 이때부터 이 샘을 과하천이라 부르게 되었고, 그 샘물로 빚은 술을 과하주라 하였다. 이후 과하주가 한양까지 알려져 임금께 진상하였으며 김천을 대표하는 전통명주로 전례되어 일본에까지 널리 알려졌다고 한다. 광복 후에는 지역특산물로 가내양조 규모로 명맥을 유지하다 6.25 전쟁 후 자취를 감추었다. 그러다 1984년 당시 김천문화원장 송재성이 과하주의 복원에 성공하여 지금에 이르렀다. 김천 과하주는 경북 김천의 맑은 샘물과 토종 멥쌀 그리고 엄선한 곡자원료를 사용하여 전통비법으로 저온 장기발효를 통해 숙성된 술이다. 투명한 황갈색에 고유한 감미와 산미가 있다. 한 여름에도 술맛의 변화가 없고 차게해서 마시면 더욱 좋아 오래전 궁중과 사대부집 등 상류층이 즐기던 고급술이다.",https://thesool.com/common/imageView.do?targetId=PR00000635&targetNm=PRODUCT
47,관악산생막걸리,"공주밤(국내산), 백미(국내산), 아스파탐",6%,1000ml,생쌀발효 탁주로 큰 잔에 즐겁게 들이킬 수 있는 편안하고 담백한 막걸리이다. 가장 대중적인 무감미료 우리쌀 막걸리를 지향한다.,https://thesool.com/common/imageView.do?targetId=PR00000709&targetNm=PRODUCT
48,광양 생 막걸리,"공주밤(국내산), 백미(국내산), 아스파탐",5%,750ml,국산 햅쌀을 사용한 목 넘김이 부드럽고 깔끔한 맛이 살아있는 막걸리.,https://thesool.com/common/imageView.do?targetId=PR00000154&targetNm=PRODUCT
49,광양 생 막걸리 골드,"공주밤(국내산), 백미(국내산), 아스파탐",5%,750ml,"한국식품연구원에서 개발된 국산효모로 만든 막걸리로 햅쌀, 토종 앉은뱅이 밀누룩 등 국내산 좋은 재료를 100% 사용하여 목 넘김이 부드럽고 깔끔한 맛이 살아있는 프리미엄 쌀 막걸리다.",https://thesool.com/common/imageView.do?targetId=PR00000153&targetNm=PRODUCT
50,괴산 세종 찰옥수수 전통주,"공주밤(국내산), 백미(국내산), 아스파탐",6%,750ml,"괴산 지역 특산물인 &quot;대학찰옥수수&quot;를 사용해 옥수수의 식이성 섬유질이 다량으로 함유되었다. 쌀, 찰옥수수 밀가루를 배합해 원료를 발효시킨 막걸리형 전통주로, 찰옥수수의 구수하고 부드러운 맛이 은은하게난다. 걸쭉하고 진득한 질감을 가졌지만 부드러운 목 넘김을 가졌다.",https://thesool.com/common/imageView.do?targetId=PR00000615&targetNm=PRODUCT
51,구기홍주 14,"공주밤(국내산), 백미(국내산), 아스파탐",14%,"360ml,750ml",구기홍주 14는 전남 진도의 전통명주 진도홍주를 알코올 14도의 부드러운 술로 재해석한 약주이다. 청양의 특산물인 구기자와 함께 빚어 은은한 향과 감칠맛이 일품이다. 100일 이상을 10도 이하의 초저온에서 숙성한 후 정밀 여과기를 거쳐 맑고 투명한 붉은빛이 감도는 술이 만들어진다. 발효촉진제를 사용하지 않고 긴 시간을 숙성시켜 깔끔한 뒷맛과 부드러운 목넘김이 특징이다.,https://thesool.com/common/imageView.do?targetId=PR00000280&targetNm=PRODUCT
52,구름을 벗삼아,"공주밤(국내산), 백미(국내산), 아스파탐",12%,750ml,문경주조의 구름을 벗삼아는 유기농 찹쌀과 전통누룩을 사용한 단 맛이 살짝 가미된 깔끔한 스타일의 탁주이다. 일반 쌀 막걸리와 달리 단 맛이 적고 도수가 낮아 반주로도 가볍게 즐기기 좋은 술이다.,https://thesool.com/common/imageView.do?targetId=PR00000118&targetNm=PRODUCT
53,구암대추막걸리,"쌀, 대추",6%,1000ml,"청송의 맑은 물과 수목이 가득한 자연 속에서 직접 재배한 양질의 대추로 만든 대추엑기스, 국내산 100% 쌀로 정성껏 빚어 목 넘김이 부드러운 막걸리이다. 구암농산은 1981년 대추농장으로 2만주 대추나무를 식재하여 현재 약7만평규모, 20만평 야산을 보유하고 있는 경북최대 대추농장으로 성장하여 2008년 구암농산을 설립하였고, 2년여 연구개발 끝에 2010년부터 맛과 기술에서 인정받는 대추 막걸리를 생산해 오고 있다.",https://thesool.com/common/imageView.do?targetId=PR00000230&targetNm=PRODUCT
54,국순당 생막걸리 대박,"쌀, 대추",6%,750ml,국순당의 생막걸리 ‘대박’은 막걸리 제조에 가장 중요한 원료인 누룩과 효모를 막걸리 빚기에 가장 적합하도록 국순당에서 직접 배양한 전통식 누룩과 막걸리 전용 효모를 사용해 막걸리 본연의 맛을 가장 잘 담아낸 제품이다. 대박 막걸리는 3단 발효법과 냉장숙성 공법을 도입해 막걸리 내의 불필요한 잡맛을 최대한 없애 막걸리 고유의 맛과 신선함을 최대한 유지할 수 있도록 개발됐다. 또 발효 이후 6도 이하에서 냉장숙성과정을 거쳐 목넘김이 부드럽고 잡맛을 잡아 줘 깔끔한 맛이 더욱 살아나도록 한 게 특징이다. 전체적으로 다른 막걸리보다 술을 빚는 과정에서 생성된 탄산 함량이 높아 탄산에서 느낄 수 있는 톡톡 터지는 듯한 청량감이 뛰어나다. 발효 과정 때 자연적으로 만들어지는 전통주 특유의 과일 향을 입안 가득 느낄 수 있다는 점도 매력적이다.,https://thesool.com/common/imageView.do?targetId=PR00000171&targetNm=PRODUCT
55,국순당 이화주,"쌀, 대추",12.5%,400ml,이화주는 국순당이 두 번째로 복원한 우리술이다. 고려 시대 이화주의 농후한 맛을 되살린 최고급 탁주로 이름의 ‘이화梨花’는 배꽃이 필 무렵에 담그는 데에서 유래했다는 설과 술의 빛깔이 배꽃처럼 희어서 붙여졌다는 설이 함께 전해지고 있다. 숟가락으로 떠먹을 수 있을 정도로 걸쭉하며 어디에서도 맛볼 수 없는 단맛과 신맛의 조화가 매력적이다.,https://thesool.com/common/imageView.do?targetId=PR00000168&targetNm=PRODUCT
56,귀감,"쌀, 대추",25%,350ml,"""귀감""은 제주산 감귤을 착즙하여 만든 후 증류한 제주 감귤 소주이다. 귀한 감귤을 줄여 ""귀감""이란 브랜드명을 지었다. 저온발효와 저온증류법으로 제조하고 참나무통에서 1년 이상 숙성시킨 원액을 브랜딩하여 숙성미와 감칠맛이 매력적이다. 제주감귤연구소에서 자체 개발한 특허 효모를 사용하여 감귤 향이 풍부하다. 제조사 시트러스는 제주에서도 이름난 귤 산지인 신례리 141개 감귤 농가가 모여 만든 회사다. 남는 귤을 가공해 부가가치를 높이려고 정부 지원을 받아 회사를 세우고 제주를 대표하는 술을 빚고 있다.",https://thesool.com/common/imageView.do?targetId=PR00000503&targetNm=PRODUCT
57,그랑꼬또 M56,"쌀, 대추",12%,750ml,"그랑꼬또 M56은 포도 껍질을 같이 넣고 발효시키다가 어느 정도 우러나면 껍질을 제거하고 과육만으로 만든다. 레드와인과 화이트와인의 중간인 연하고 부드러운 핑크빛깔을 띠며, 상큼한 맛과 부드러운 탄닌맛을 내며 장미향을 지녀 연인들의 와인, 디저트 와인이라고도 불린다. 기존 캠벨얼리 재배방식을 달리해 만든 와인으로 산도가 높고 드라이하며 산딸기, 체리 등의 풍부한 과일향과 바디감의 균형이 잘 어우러진 매력적이고 깔끔한 로제와인이다.",https://thesool.com/common/imageView.do?targetId=PR00000457&targetNm=PRODUCT
58,그랑꼬또 레드와인,"쌀, 대추",12%,"750ml,375ml","껍질과 씨와 과육을 함께 넣어 스테인리스 통에서 발효 숙성되는 그랑꼬또 레드와인은 섬세한 과일향을 유지하며 신맛과 단맛의 균형이 조화를 이루어 육류 요리와 잘 어울리며, 은은하면서도 싱그러운 맛을 느낄수 있다.",https://thesool.com/common/imageView.do?targetId=PR00000462&targetNm=PRODUCT
59,그랑꼬또 로제와인,"쌀, 대추",12%,750ml,"그랑꼬또(Grnad Coteau)와인은 청정지역을 자랑하는 대부도의 큰 언덕에서 생산한다는 의미를 담고 있다. 바닷가의 뜨거운 열기와 습도, 낮과 밤의 심한 기온차, 미네랄이 풍부한 토양 등 포도재배에 필요한 천혜 입지조건을 갖춘 안산시 대부도에서 생산하는 와인이다. 그랑꼬또 로제와인은 한국인 입맛에 맞도록 많은 개발 끝에 탄생한 제품이다. 은은하고 달콤한 향, 첫맛은 달콤함, 다음은 청량감, 그리고 마지막엔 깔끔하면서도 약간 드라이한 맛이 골고루 느껴지는 제품이다. &quot;그랑꼬또 로제와인&quot;은 포도 껍질을 같이 넣고 발효시키다가 어느 정도 우러나면 껍질을 제거하고 과육만으로 만든다.",https://thesool.com/common/imageView.do?targetId=PR00000458&targetNm=PRODUCT
60,그랑꼬또 청수,"쌀, 대추",12%,750ml,그랑꼬또(GRAND COTEAU)와인은 청정지역을 자랑하는 대부도의 큰 언덕에서 생산한다는 의미를 담고 있습니다. 대부도의 바닷바람과 포도재배에 필요한 천혜입지조건을 갖춘 신토불이 자존심으로 우리입맛에 잘 맞고 음식과의 조화를 이룹니다. 청수는 국내에서 최초로 개발한 포도품종으로 풍부한 과실의 아로마가 뛰어나고 청량감과 미네랄등 과일향이 풍부합니다.,https://thesool.com/common/imageView.do?targetId=PR00000459&targetNm=PRODUCT
61,그랑티그르 CE2002,"쌀, 대추",12%,750ml,"""그랑티그르CE2002와인""은 제조사 ""월류원""에서 생산하는 최고등급의 와인이다. 당분을 추가하지 않는 순수포도발효를 원칙으로 탄생한 이 와인은 지금까지 캠벨이 가지고 있는 탄닌감의 부재, 부정적 폭시플레버향, 낮은 당도를 극복한 한국형 스틸와인이다. 무가당원칙으로도 12%라는 높은 알코올을 만들 수 있었던 방법은 주류면허지원센터의 ""포도 머스트를 동결 후 해동 처리하는 농축 과실주 제조방법""(특허등록 제 10-1043585호)을 이용하여 캠벨의 단점을 모두 제거하였기 때문이다. 출시와 동시에 와인품평회에서 좋은 성적을 거둠과 동시에 소비자에게도 호응을 받고 있는 제품이다.",https://thesool.com/common/imageView.do?targetId=PR00000400&targetNm=PRODUCT
62,그랑티그르 M1988,"쌀, 대추",12%,750ml,"""그랑티그르M1988와인""은 제조사 ""월류원""에서 생산하는 최고등급의 와인이다. 당분을 추가하지 않는 순수포도발효를 원칙으로 탄생한 이 와인은 지금까지 캠벨이 가지고 있는 탄닌감의 부재, 부정적 폭시플레버향, 낮은 당도를 극복한 한국형 스틸와인이다. 무가당원칙으로도 12%라는 높은 알코올을 만들 수 있었던 방법은 주류면허지원센터의 ""포도 머스트를 동결 후 해동 처리하는 농축 과실주 제조방법""(특허등록 제 10-1043585호)을 이용하여 캠벨의 단점을 모두 제거하였기 때문이다. 여기에 오미자를 브랜딩하여 제조사 월류원만의 독창적인 한국와인의 맛을 완성하였다.",https://thesool.com/common/imageView.do?targetId=PR00000399&targetNm=PRODUCT
63,그리움,"국내산 쌀, 누룩, 효모, 정제수",14%,700ml,전통 차례주 그리움은 어떠한 첨가물도 들어있지 않고 질 좋은 경기미로만 만들어져 있어 명절 기름진 음식에 어울리는 담백한 차례주이다. 저온 발효와 숙성을 통해 자기 주장이 강하지 않고 드라이하며 향기롭다.,https://thesool.com/common/imageView.do?targetId=PR00000282&targetNm=PRODUCT
64,금과 명주,"국내산 쌀, 누룩, 효모, 정제수",40%,750ml,경북 의성 사과와 옹기 항아리를 사용해 사과 브랜디의 깊은 맛과 향을 냈다. 사과의 단맛 속에 숨어있던 쌉싸름한 맛과 상큼함을 느낄 수 있으며 중후한 향이 난다.,https://thesool.com/common/imageView.do?targetId=PR00000617&targetNm=PRODUCT
65,금산인삼백주,"국내산 쌀, 누룩, 효모, 정제수",43%,500ml,금산에서 자란 5년근 인삼으로 빚은 인삼백주로 은은한 인삼의 청향과 부드러운 맛과 풍미를 전통방법으로 계승한 고급전통주이다.,https://thesool.com/common/imageView.do?targetId=PR00000595&targetNm=PRODUCT
66,금산인삼주 12.5%,"국내산 쌀, 누룩, 효모, 정제수",12.5%,360ml,"약효가 뛰어난 5년근 이상 인삼을 사용하여 쌀과 누룩 등의 원료와 천연암반수를 사용하여 저온 발효시킨 양조주로서, 소주에 단순히 인삼을 담가 우려낸 침출주와는 달리 은은한 인삼의 청향과 풍미를 만끽할 수 있다.",https://thesool.com/common/imageView.do?targetId=PR00000351&targetNm=PRODUCT
67,금산인삼주 수삼 500,"국내산 쌀, 누룩, 효모, 정제수",43%,500ml,,https://thesool.com/common/imageView.do?targetId=PR00000578&targetNm=PRODUCT
68,금설,"국내산 쌀, 누룩, 효모, 정제수",35%,375ml,금가루가 술과 섞여 금싸라기 눈이 내리는 듯 온화하고 따뜻한 순수 100% 증류주이다. 거친맛을 내는 상압증류 방식에 비해 첫 맛은 부드럽고 끝 맛은 깔끔한 감압증류 방식을 사용함으로써 원주 고유의 맛을 최대한 살렸다.,https://thesool.com/common/imageView.do?targetId=PR00000739&targetNm=PRODUCT
69,금정산성막걸리,"국내산 쌀, 누룩, 효모, 정제수",8%,750ml,금정산성막걸리는 술빚기에 적합한 온도와 습도가 유지되는 해발 400m의 청정 환경을 갖춘 금정산성마을에서 제조된다. 깨끗한 자연환경속에서 발효된 자연산 누룩과 250m의 암반수를 사용하여 금정산성 전통 막걸리의 맛을 그대로 느낄 수 있는 알코도수 8도의 100% 국내산 살아있는 쌀막걸리로 누룩 질이 전국 으뜸이며 산수로 술을 빚기 때문에 은은한 향과 구수한 맛이 일품이다.,https://thesool.com/common/imageView.do?targetId=PR00000209&targetNm=PRODUCT
70,금풍양조,"국내산 쌀, 누룩, 효모, 정제수",6.9%,750ml,강화도 무농약쌀과 온수리 지하수로 만든 막걸리. 막거리 도수는 양조장을 인수한 1969년을 상징한다.,https://thesool.com/common/imageView.do?targetId=PR00000710&targetNm=PRODUCT
71,금휘,"국내산 쌀, 누룩, 효모, 정제수",35%,500ml,"양조장이 위치하는 제천 송한리는 조선시대부터 물 좋고 소나무가 번성하며, 한국약초의 본향으로 유명하다. 이 지역에는 황기를 비롯한 약초가 많이 자생하고 있어 이를 이용한 여러 종류의 막걸리와 증류주를 생산하고 있다. 금휘는 순금 99.9%(함량0.23ug)가 함유되어 있고 제천 황기와 국내산 쌀로 빚은 전통증류주로 특히 에너지(氣)가 다량 방출되는 전통 황금주이다.",https://thesool.com/common/imageView.do?targetId=PR00000579&targetNm=PRODUCT
72,기다림 16,"국내산 쌀, 누룩, 효모, 정제수",9%,750ml,"기다림 16은 효모가 향기를 생성하는 온도인 16도에서 100일간 저온 발효 시키는 술로써 저온 발효주의 부드러움과 와인과 흡사한 아로마와 부케를 즐길 수 있는 술이다. 특히 흑미는 안토시아닌이 풍부해서 건강하게 마실 수 있는 자연 그대로의 술이다. 누룩을 빚기 위해 100일, 발효숙성을 위해 100일을 기다려 1일 200병만 한정 수량생산하는 프리미엄 막걸리이다. 부산의 시화 동백꽃을 모티브로 하고 동백꽃의 꽃말이기도한 기다을 브랜드로 하였다.",https://thesool.com/common/imageView.do?targetId=PR00000091&targetNm=PRODUCT
